[
    {
        "fname": "Liam",
        "lname": "Philpott",
        "Birthday": "04/13/2001",
        "FavouriteSport": "Swimming",
        "FavouriteNumber": 8,
        "IsProgrammer": true,
        "Hobbies": ["Gaming", "Reading", "Swimming", "Fishing"]
    },

    {   
        "fname": "Eric",
        "lname": "Philpott",
        "Birthday": "03/15/2005",
        "FavouriteSport": "Bowling",
        "FavouriteNumber": 7,
        "IsProgrammer": true,
        "Hobbies": ["Car Repairs", "Procastinating","Watching Videos", "Bowling", "Dancing"]
    },

    {   "fname": "Ryan",
        "lname": "Philpott",
        "Birthday": "01/22/2006",
        "FavouriteSport": "Hockey",
        "FavouriteNumber": "Doesn't like numbers",
        "IsProgrammer": false,
        "Hobbies": ["Swimming", "Video Games", "Hockey", "Annoying Brothers"]
    }
]