[
    {"RealName": "Bruce Wayne",
    "HeroName": "Batman",
    "Gender": "Male",
    "Status": "Alive",
    "InterestingFact": "Batman is the best Superhero, he can beat up the whole Justice League"
    },

    {"RealName": "Wally West",
    "HeroName": "The Flash",
    "Gender": "Male",
    "Status": "Alive",
    "InterestingFact": "Wally West is the best Version of the Flash Hands down."
    },

    {"RealName": "John Stewart",
    "HeroName": "Green Lantern",
    "Gender": "Male",
    "Status": "On Vacation",
    "InterestingFact": "John is my favourite Green Lantern and is one of three that are from earth."
    },

    {"RealName": "Clark Kent",
    "HeroName": "Superman",
    "Gender": "Male",
    "Status": "Unknown",
    "InterestingFact": "Superman has died like.. 30 times and he keeps coming back."
    },

    {"RealName": "Diana Themyscara",
    "HeroName": "Wonder Woman",
    "Gender": "Female",
    "Status": "Alive",
    "InterestingFact": "Diana in some iterations of her is a actual Demigod, typically a daughter of Zeus!"
    },

    {"RealName": "Cameron Sammus",
    "HeroName": "EraserHead",
    "Gender": "Male",
    "Status": "Dead",
    "InterestingFact": "Hes not actually a hero hes a villian, and a easily forgotten one to, poor guy."
    }
]